SAMSUNG Galaxy S21 FE 8/256 Gb Dual Sim Gray (SM-G990BZAWSEK),20 499 ₴
SAMSUNG Galaxy S23 SM-S911B 8/128Gb Black (SM-S911BZKDSEK),35 999 ₴
APPLE iPhone 15 128GB Black (MTP03RX/A),42 499 ₴
APPLE iPhone 15 Plus 128GB Black (MU0Y3RX/A),47 499 ₴
XIAOMI 13T Pro 12/512GB black (1002920),27 999 ₴
XIAOMI Redmi Note 12 Pro 8/256GB Graphite Gray,9 999 ₴
XIAOMI Redmi Note 12S 8/256GB Onyx Black (990689),7 999 ₴
SAMSUNG Galaxy A24 6/128Gb Dual Sim Black (SM-A245FZKVSEK),8 499 ₴
SAMSUNG Galaxy A34 5G 8/256Gb Black (SM-A346EZKESEK),14 199 ₴
APPLE iPhone 15 Pro 256GB Blue Titanium (MTV63RX/A),58 499 ₴
APPLE iPhone 15 Pro 128GB Black Titanium (MTUV3RX/A),53 499 ₴
OPPO A78 8/256GB Dual Sim Mist Black,8 999 ₴
OPPO A58 8/128GB Dual Sim Dazzling Green (CPH2577),7 777 ₴
XIAOMI Redmi Note 12 8/256GB Dual Sim Onyx Gray,7 999 ₴
XIAOMI Redmi 12C 3/64GB Dual Sim Ocean Blue,3 999 ₴
XIAOMI Redmi Note 12 8/256 Gb Dual Sim Ice Blue,7 999 ₴
SAMSUNG Galaxy A24 6/128Gb Dual Sim Dark Red (SM-A245FDRVSEK),8 499 ₴
SAMSUNG Galaxy A24 6/128Gb Dual Sim Light Green (SM-A245FLGVSEK),8 499 ₴
SAMSUNG Galaxy A14 4/128Gb LTE SM-A145F Black (SM-A145FZKVSEK),6 599 ₴
SAMSUNG Galaxy S21 FE 8/256 Gb Dual Sim Light Violet (SM-G990BLVWSEK),20 499 ₴
ZTE BLADE V40 Vita 4/128 Gb Dual Sim Green,4 599 ₴
ZTE A72S 4/128GB Dual Sim Grey (993081),4 799 ₴
HONOR X8A 6/128GB Midnight Black,7 499 ₴
HONOR X6a 4/128GB midnight black (997015),5 499 ₴
REALME C53 6/128Gb NFC Mighty Black,5 699 ₴
REALME C55 8/256Gb Dual SIM Rainy Night,7 199 ₴
NOKIA C22 3/64 Gb Dual Sim Charcoal (SP01Z01Z3043Y),3 599 ₴
NOKIA G22 4/128 Gb Dual Sim Meteor Grey (101S0609H082),5 199 ₴
OPPO A78 8/256GB Dual Sim Aqua Green (CPH2565),8 999 ₴
SAMSUNG Galaxy A14 4/128Gb LTE SM-A145F Silver (SM-A145FZSVSEK),6 599 ₴
OPPO A58 8/128GB Dual Sim Glowing Black (CPH2577),7 777 ₴
OPPO A38 4/128GB Dual Sim Glowing Black (CPH2579),6 499 ₴
SAMSUNG Galaxy A14 4/128Gb LTE SM-A145F Light Green (SM-A145FLGVSEK),6 599 ₴
REALME C53 6/128Gb Dual Sim Champion Gold (RMX3760 gold),5 699 ₴
OPPO A18 4/128GB glowing blue (CPH2591),5 555 ₴
SAMSUNG Galaxy A34 5G 6/128Gb Dual Sim Black (SM-A346EZKASEK),12 499 ₴
OPPO A38 4/128GB Dual Sim Glowing Gold (CPH2579),6 499 ₴
OPPO A17 4/64 Gb Dual Sim Midnight Black,4 999 ₴
OPPO A78 8/128 Gb Dual Sim Mist Black,8 499 ₴
OPPO A17k 3/64Gb Navy blue (6932169323406),4 555 ₴
SAMSUNG Galaxy S21 FE 6/128 Gb Dual Sim Gray (SM-G990BZAFSEK),17 999 ₴
OPPO A18 4/128GB glowing black (CPH2591),5 555 ₴
